Date,Year,Month,Monthly_average,deseasonalized,numofdays,stdofdays,Annual_average,Deseasonalized_annual_average,std_of_months,CO2_Category
1974-05-01,1974,5,333.19,330.22,13,0.31,329.76374999999996,330.34625,2.2037885398947386,Low
1974-06-01,1974,6,332.2,329.78,25,0.37,329.76374999999996,330.34625,2.2037885398947386,Low
1974-07-01,1974,7,331.07,330.21,24,0.24,329.76374999999996,330.34625,2.2037885398947386,Low
1974-08-01,1974,8,329.15,330.54,26,0.31,329.76374999999996,330.34625,2.2037885398947386,Low
1974-09-01,1974,9,327.33,330.44,22,0.47,329.76374999999996,330.34625,2.2037885398947386,Low
1974-10-01,1974,10,327.28,330.52,24,0.22,329.76374999999996,330.34625,2.2037885398947386,Low
1974-11-01,1974,11,328.31,330.5,26,0.43,329.76374999999996,330.34625,2.2037885398947386,Low
1974-12-01,1974,12,329.58,330.56,29,0.29,329.76374999999996,330.34625,2.2037885398947386,Low
1975-01-01,1975,1,330.73,330.84,29,0.43,331.1609090909091,331.07272727272726,1.943751293481014,Low
1975-02-01,1975,2,331.46,330.85,26,0.46,331.1609090909091,331.07272727272726,1.943751293481014,Low
1975-03-01,1975,3,331.94,330.37,17,0.33,331.1609090909091,331.07272727272726,1.943751293481014,Low
1975-04-01,1975,4,333.11,330.53,23,0.59,331.1609090909091,331.07272727272726,1.943751293481014,Low
1975-05-01,1975,5,333.95,330.97,28,0.35,331.1609090909091,331.07272727272726,1.943751293481014,Low
1975-06-01,1975,6,333.42,331.01,27,0.48,331.1609090909091,331.07272727272726,1.943751293481014,Low
1975-07-01,1975,7,331.97,331.12,24,0.45,331.1609090909091,331.07272727272726,1.943751293481014,Low
1975-08-01,1975,8,329.95,331.33,24,0.47,331.1609090909091,331.07272727272726,1.943751293481014,Low
1975-09-01,1975,9,328.5,331.6,22,0.53,331.1609090909091,331.07272727272726,1.943751293481014,Low
1975-10-01,1975,10,328.36,331.61,11,0.21,331.1609090909091,331.07272727272726,1.943751293481014,Low
1975-11-01,1975,11,329.38,331.57,18,0.31,331.1609090909091,331.07272727272726,1.943751293481014,Low
1976-01-01,1976,1,331.56,331.67,19,0.23,332.0266666666667,332.02833333333336,2.085610149805024,Low
1976-02-01,1976,2,332.74,332.13,22,0.49,332.0266666666667,332.02833333333336,2.085610149805024,Low
1976-03-01,1976,3,333.36,331.79,18,0.52,332.0266666666667,332.02833333333336,2.085610149805024,Low
1976-04-01,1976,4,334.74,332.16,18,0.77,332.0266666666667,332.02833333333336,2.085610149805024,Low
1976-05-01,1976,5,334.72,331.75,21,0.56,332.0266666666667,332.02833333333336,2.085610149805024,Low
1976-06-01,1976,6,333.98,331.56,15,0.21,332.0266666666667,332.02833333333336,2.085610149805024,Low
1976-07-01,1976,7,333.08,332.22,15,0.24,332.0266666666667,332.02833333333336,2.085610149805024,Low
1976-08-01,1976,8,330.68,332.07,23,0.51,332.0266666666667,332.02833333333336,2.085610149805024,Low
1976-09-01,1976,9,328.96,332.07,13,0.69,332.0266666666667,332.02833333333336,2.085610149805024,Low
1976-10-01,1976,10,328.72,331.97,19,0.57,332.0266666666667,332.02833333333336,2.085610149805024,Low
1976-11-01,1976,11,330.16,332.35,25,0.36,332.0266666666667,332.02833333333336,2.085610149805024,Low
1976-12-01,1976,12,331.62,332.6,20,0.38,332.0266666666667,332.02833333333336,2.085610149805024,Low
1977-01-01,1977,1,332.68,332.77,23,0.4,333.8433333333333,333.84166666666664,1.9318824231742817,Low
1977-02-01,1977,2,333.17,332.57,20,0.34,333.8433333333333,333.84166666666664,1.9318824231742817,Low
1977-03-01,1977,3,334.96,333.4,23,0.51,333.8433333333333,333.84166666666664,1.9318824231742817,Low
1977-04-01,1977,4,336.14,333.54,20,0.5,333.8433333333333,333.84166666666664,1.9318824231742817,Low
1977-05-01,1977,5,336.93,333.99,20,0.31,333.8433333333333,333.84166666666664,1.9318824231742817,Low
1977-06-01,1977,6,336.17,333.79,22,0.4,333.8433333333333,333.84166666666664,1.9318824231742817,Low
1977-07-01,1977,7,334.88,334.0,20,0.23,333.8433333333333,333.84166666666664,1.9318824231742817,Low
1977-08-01,1977,8,332.56,333.9,18,0.46,333.8433333333333,333.84166666666664,1.9318824231742817,Low
1977-09-01,1977,9,331.29,334.36,19,0.46,333.8433333333333,333.84166666666664,1.9318824231742817,Low
1977-10-01,1977,10,331.28,334.5,23,0.29,333.8433333333333,333.84166666666664,1.9318824231742817,Low
1977-11-01,1977,11,332.46,334.69,21,0.43,333.8433333333333,333.84166666666664,1.9318824231742817,Low
1977-12-01,1977,12,333.6,334.59,25,0.36,333.8433333333333,333.84166666666664,1.9318824231742817,Low
1978-01-01,1978,1,334.94,335.01,22,0.52,335.415,335.41333333333336,1.9950142400949842,Low
1978-02-01,1978,2,335.26,334.59,25,0.5,335.415,335.41333333333336,1.9950142400949842,Low
1978-03-01,1978,3,336.66,335.0,28,0.59,335.415,335.41333333333336,1.9950142400949842,Low
1978-04-01,1978,4,337.69,335.07,18,0.44,335.415,335.41333333333336,1.9950142400949842,Low
1978-05-01,1978,5,338.02,335.07,26,0.46,335.415,335.41333333333336,1.9950142400949842,Low
1978-06-01,1978,6,338.01,335.59,17,0.31,335.415,335.41333333333336,1.9950142400949842,Low
1978-07-01,1978,7,336.5,335.65,20,0.32,335.415,335.41333333333336,1.9950142400949842,Low
1978-08-01,1978,8,334.42,335.87,19,0.32,335.415,335.41333333333336,1.9950142400949842,Low
1978-09-01,1978,9,332.36,335.51,17,0.75,335.415,335.41333333333336,1.9950142400949842,Low
1978-10-01,1978,10,332.45,335.72,21,0.34,335.415,335.41333333333336,1.9950142400949842,Low
1978-11-01,1978,11,333.76,335.99,24,0.25,335.415,335.41333333333336,1.9950142400949842,Low
1978-12-01,1978,12,334.91,335.89,26,0.33,335.415,335.41333333333336,1.9950142400949842,Low
1979-01-01,1979,1,336.14,336.22,27,0.55,336.83583333333337,336.8358333333333,1.8376390897677304,Low
1979-02-01,1979,2,336.69,336.0,25,0.3,336.83583333333337,336.8358333333333,1.8376390897677304,Low
1979-03-01,1979,3,338.27,336.56,21,0.63,336.83583333333337,336.8358333333333,1.8376390897677304,Low
1979-04-01,1979,4,338.82,336.11,24,0.67,336.83583333333337,336.8358333333333,1.8376390897677304,Low
1979-05-01,1979,5,339.24,336.24,20,0.5,336.83583333333337,336.8358333333333,1.8376390897677304,Low
1979-06-01,1979,6,339.26,336.83,19,0.35,336.83583333333337,336.8358333333333,1.8376390897677304,Low
1979-07-01,1979,7,337.54,336.69,26,0.59,336.83583333333337,336.8358333333333,1.8376390897677304,Low
1979-08-01,1979,8,335.72,337.2,24,0.6,336.83583333333337,336.8358333333333,1.8376390897677304,Low
1979-09-01,1979,9,333.97,337.19,19,0.65,336.83583333333337,336.8358333333333,1.8376390897677304,Low
1979-10-01,1979,10,334.24,337.57,25,0.42,336.83583333333337,336.8358333333333,1.8376390897677304,Low
1979-11-01,1979,11,335.32,337.59,27,0.3,336.83583333333337,336.8358333333333,1.8376390897677304,Low
1979-12-01,1979,12,336.82,337.83,22,0.23,336.83583333333337,336.8358333333333,1.8376390897677304,Low
1980-01-01,1980,1,337.9,338.13,29,0.57,338.7625,338.765,1.871271444281093,Low
1980-02-01,1980,2,338.34,337.85,26,0.49,338.7625,338.765,1.871271444281093,Low
1980-03-01,1980,3,340.07,338.51,23,0.54,338.7625,338.765,1.871271444281093,Low
1980-04-01,1980,4,340.93,338.31,24,0.29,338.7625,338.765,1.871271444281093,Low
1980-05-01,1980,5,341.45,338.4,24,0.54,338.7625,338.765,1.871271444281093,Low
1980-06-01,1980,6,341.36,338.85,20,0.39,338.7625,338.765,1.871271444281093,Low
1980-07-01,1980,7,339.45,338.56,26,0.6,338.7625,338.765,1.871271444281093,Low
1980-08-01,1980,8,337.67,339.07,16,1.05,338.7625,338.765,1.871271444281093,Low
1980-09-01,1980,9,336.25,339.38,15,0.69,338.7625,338.765,1.871271444281093,Low
1980-10-01,1980,10,336.14,339.4,26,0.26,338.7625,338.765,1.871271444281093,Low
1980-11-01,1980,11,337.3,339.46,27,0.26,338.7625,338.765,1.871271444281093,Low
1980-12-01,1980,12,338.29,339.26,24,0.25,338.7625,338.765,1.871271444281093,Low
1981-01-01,1981,1,339.29,339.42,28,0.39,340.1191666666667,340.12,2.1059891147665453,Low
1981-02-01,1981,2,340.55,339.97,25,0.65,340.1191666666667,340.12,2.1059891147665453,Low
1981-03-01,1981,3,341.63,340.09,25,0.48,340.1191666666667,340.12,2.1059891147665453,Low
1981-04-01,1981,4,342.6,340.0,26,0.46,340.1191666666667,340.12,2.1059891147665453,Low
1981-05-01,1981,5,343.04,339.98,30,0.19,340.1191666666667,340.12,2.1059891147665453,Low
1981-06-01,1981,6,342.54,340.05,25,0.29,340.1191666666667,340.12,2.1059891147665453,Low
1981-07-01,1981,7,340.82,339.92,24,0.46,340.1191666666667,340.12,2.1059891147665453,Low
1981-08-01,1981,8,338.48,339.87,25,0.48,340.1191666666667,340.12,2.1059891147665453,Low
1981-09-01,1981,9,336.95,340.16,27,0.55,340.1191666666667,340.12,2.1059891147665453,Low
1981-10-01,1981,10,337.05,340.39,25,0.39,340.1191666666667,340.12,2.1059891147665453,Low
1981-11-01,1981,11,338.57,340.74,26,0.31,340.1191666666667,340.12,2.1059891147665453,Low
1981-12-01,1981,12,339.91,340.85,20,0.28,340.1191666666667,340.12,2.1059891147665453,Low
1982-01-01,1982,1,340.93,341.09,28,0.3,341.4791666666667,341.4766666666667,2.1513862690804566,Low
1982-02-01,1982,2,341.76,341.15,24,0.49,341.4791666666667,341.4766666666667,2.1513862690804566,Low
1982-03-01,1982,3,342.78,341.18,17,0.41,341.4791666666667,341.4766666666667,2.1513862690804566,Low
1982-04-01,1982,4,343.96,341.34,7,0.42,341.4791666666667,341.4766666666667,2.1513862690804566,Low
1982-05-01,1982,5,344.77,341.68,27,0.37,341.4791666666667,341.4766666666667,2.1513862690804566,Low
1982-06-01,1982,6,343.88,341.42,27,0.37,341.4791666666667,341.4766666666667,2.1513862690804566,Low
1982-07-01,1982,7,342.42,341.61,28,0.35,341.4791666666667,341.4766666666667,2.1513862690804566,Low
1982-08-01,1982,8,340.24,341.64,25,0.61,341.4791666666667,341.4766666666667,2.1513862690804566,Low
1982-09-01,1982,9,338.38,341.56,21,0.59,341.4791666666667,341.4766666666667,2.1513862690804566,Low
1982-10-01,1982,10,338.41,341.77,26,0.5,341.4791666666667,341.4766666666667,2.1513862690804566,Low
1982-11-01,1982,11,339.44,341.58,24,0.39,341.4791666666667,341.4766666666667,2.1513862690804566,Low
1982-12-01,1982,12,340.78,341.7,26,0.3,341.4791666666667,341.4766666666667,2.1513862690804566,Low
1983-01-01,1983,1,341.57,341.75,28,0.47,343.1525,343.1525,1.9360931842713118,Low
1983-02-01,1983,2,342.79,342.24,24,0.37,343.1525,343.1525,1.9360931842713118,Low
1983-03-01,1983,3,343.37,341.86,27,0.88,343.1525,343.1525,1.9360931842713118,Low
1983-04-01,1983,4,345.4,342.78,23,0.29,343.1525,343.1525,1.9360931842713118,Low
1983-05-01,1983,5,346.14,342.97,28,0.51,343.1525,343.1525,1.9360931842713118,Low
1983-06-01,1983,6,345.76,343.29,20,0.3,343.1525,343.1525,1.9360931842713118,Low
1983-07-01,1983,7,344.32,343.56,22,0.57,343.1525,343.1525,1.9360931842713118,Low
1983-08-01,1983,8,342.5,343.89,16,0.73,343.1525,343.1525,1.9360931842713118,Low
1983-09-01,1983,9,340.46,343.59,15,0.5,343.1525,343.1525,1.9360931842713118,Low
1983-10-01,1983,10,340.53,343.86,20,0.31,343.1525,343.1525,1.9360931842713118,Low
1983-11-01,1983,11,341.79,343.92,27,0.33,343.1525,343.1525,1.9360931842713118,Low
1983-12-01,1983,12,343.2,344.12,21,0.25,343.1525,343.1525,1.9360931842713118,Low
1984-01-01,1984,1,344.21,344.32,23,0.4,344.63909090909095,344.87454545454545,1.963519567233548,Low
1984-02-01,1984,2,344.92,344.38,23,0.32,344.63909090909095,344.87454545454545,1.963519567233548,Low
1984-03-01,1984,3,345.68,344.26,19,0.3,344.63909090909095,344.87454545454545,1.963519567233548,Low
1984-05-01,1984,5,347.77,344.59,20,0.42,344.63909090909095,344.87454545454545,1.963519567233548,Low
1984-06-01,1984,6,347.16,344.72,20,0.31,344.63909090909095,344.87454545454545,1.963519567233548,Low
1984-07-01,1984,7,345.79,345.02,18,0.33,344.63909090909095,344.87454545454545,1.963519567233548,Low
1984-08-01,1984,8,343.74,345.11,12,0.45,344.63909090909095,344.87454545454545,1.963519567233548,Low
1984-09-01,1984,9,341.59,344.75,14,0.72,344.63909090909095,344.87454545454545,1.963519567233548,Low
1984-10-01,1984,10,341.86,345.19,12,0.36,344.63909090909095,344.87454545454545,1.963519567233548,Low
1984-11-01,1984,11,343.31,345.4,18,0.41,344.63909090909095,344.87454545454545,1.963519567233548,Low
1984-12-01,1984,12,345.0,345.88,14,0.53,344.63909090909095,344.87454545454545,1.963519567233548,Low
1985-01-01,1985,1,345.48,345.59,25,0.38,346.3516666666667,346.35083333333336,1.996983330987622,Low
1985-02-01,1985,2,346.41,345.91,15,0.37,346.3516666666667,346.35083333333336,1.996983330987622,Low
1985-03-01,1985,3,347.91,346.57,17,0.34,346.3516666666667,346.35083333333336,1.996983330987622,Low
1985-04-01,1985,4,348.66,346.1,21,0.61,346.3516666666667,346.35083333333336,1.996983330987622,Low
1985-05-01,1985,5,349.28,346.13,20,0.51,346.3516666666667,346.35083333333336,1.996983330987622,Low
1985-06-01,1985,6,348.65,346.22,21,0.34,346.3516666666667,346.35083333333336,1.996983330987622,Low
1985-07-01,1985,7,346.9,346.08,17,0.36,346.3516666666667,346.35083333333336,1.996983330987622,Low
1985-08-01,1985,8,345.26,346.57,16,0.57,346.3516666666667,346.35083333333336,1.996983330987622,Low
1985-09-01,1985,9,343.47,346.58,24,0.57,346.3516666666667,346.35083333333336,1.996983330987622,Low
1985-10-01,1985,10,343.35,346.6,20,0.29,346.3516666666667,346.35083333333336,1.996983330987622,Low
1985-11-01,1985,11,344.73,346.82,21,0.4,346.3516666666667,346.35083333333336,1.996983330987622,Low
1985-12-01,1985,12,346.12,347.04,26,0.62,346.3516666666667,346.35083333333336,1.996983330987622,Low
1986-01-01,1986,1,346.78,346.82,25,0.31,347.60833333333335,347.60833333333335,1.8343581157913846,Low
1986-02-01,1986,2,347.48,346.97,25,0.45,347.60833333333335,347.60833333333335,1.8343581157913846,Low
1986-03-01,1986,3,348.25,346.94,16,0.7,347.60833333333335,347.60833333333335,1.8343581157913846,Low
1986-04-01,1986,4,349.86,347.32,19,0.38,347.60833333333335,347.60833333333335,1.8343581157913846,Low
1986-05-01,1986,5,350.52,347.42,18,0.31,347.60833333333335,347.60833333333335,1.8343581157913846,Moderate
1986-06-01,1986,6,349.98,347.6,17,0.25,347.60833333333335,347.60833333333335,1.8343581157913846,Low
1986-07-01,1986,7,348.25,347.43,20,0.47,347.60833333333335,347.60833333333335,1.8343581157913846,Low
1986-08-01,1986,8,346.17,347.51,18,0.48,347.60833333333335,347.60833333333335,1.8343581157913846,Low
1986-09-01,1986,9,345.48,348.61,17,0.63,347.60833333333335,347.60833333333335,1.8343581157913846,Low
1986-10-01,1986,10,344.82,348.04,25,0.32,347.60833333333335,347.60833333333335,1.8343581157913846,Low
1986-11-01,1986,11,346.22,348.28,21,0.3,347.60833333333335,347.60833333333335,1.8343581157913846,Low
1986-12-01,1986,12,347.49,348.36,24,0.35,347.60833333333335,347.60833333333335,1.8343581157913846,Low
1987-01-01,1987,1,348.73,348.66,25,0.46,349.3125,349.31333333333333,1.800429872911662,Low
1987-02-01,1987,2,348.92,348.23,25,0.58,349.3125,349.31333333333333,1.800429872911662,Low
1987-03-01,1987,3,349.81,348.39,21,0.35,349.3125,349.31333333333333,1.800429872911662,Low
1987-04-01,1987,4,351.4,348.86,26,0.68,349.3125,349.31333333333333,1.800429872911662,Moderate
1987-05-01,1987,5,352.15,349.09,28,0.37,349.3125,349.31333333333333,1.800429872911662,Moderate
1987-06-01,1987,6,351.59,349.28,22,0.21,349.3125,349.31333333333333,1.800429872911662,Moderate
1987-07-01,1987,7,350.21,349.51,17,0.73,349.3125,349.31333333333333,1.800429872911662,Moderate
1987-08-01,1987,8,348.2,349.65,15,0.85,349.3125,349.31333333333333,1.800429872911662,Low
1987-09-01,1987,9,346.66,349.85,23,0.61,349.3125,349.31333333333333,1.800429872911662,Low
1987-10-01,1987,10,346.72,349.96,22,0.41,349.3125,349.31333333333333,1.800429872911662,Low
1987-11-01,1987,11,348.08,350.14,23,0.33,349.3125,349.31333333333333,1.800429872911662,Low
1987-12-01,1987,12,349.28,350.14,27,0.2,349.3125,349.31333333333333,1.800429872911662,Low
1988-01-01,1988,1,350.51,350.49,24,0.21,351.69083333333333,351.69083333333333,1.7808601513841171,Moderate
1988-02-01,1988,2,351.7,351.0,23,0.57,351.69083333333333,351.69083333333333,1.7808601513841171,Moderate
1988-03-01,1988,3,352.5,350.99,25,0.78,351.69083333333333,351.69083333333333,1.7808601513841171,Moderate
1988-04-01,1988,4,353.67,351.03,27,0.48,351.69083333333333,351.69083333333333,1.7808601513841171,Moderate
1988-05-01,1988,5,354.35,351.22,28,0.37,351.69083333333333,351.69083333333333,1.7808601513841171,Moderate
1988-06-01,1988,6,353.88,351.55,26,0.3,351.69083333333333,351.69083333333333,1.7808601513841171,Moderate
1988-07-01,1988,7,352.8,352.15,27,0.49,351.69083333333333,351.69083333333333,1.7808601513841171,Moderate
1988-08-01,1988,8,350.49,352.01,26,0.62,351.69083333333333,351.69083333333333,1.7808601513841171,Moderate
1988-09-01,1988,9,348.97,352.18,26,0.47,351.69083333333333,351.69083333333333,1.7808601513841171,Low
1988-10-01,1988,10,349.37,352.62,26,0.31,351.69083333333333,351.69083333333333,1.7808601513841171,Low
1988-11-01,1988,11,350.43,352.53,25,0.2,351.69083333333333,351.69083333333333,1.7808601513841171,Moderate
1988-12-01,1988,12,351.62,352.52,28,0.36,351.69083333333333,351.69083333333333,1.7808601513841171,Moderate
1989-01-01,1989,1,353.07,352.99,28,0.45,353.205,353.205,1.9785692718821772,Moderate
1989-02-01,1989,2,353.43,352.69,25,0.38,353.205,353.205,1.9785692718821772,Moderate
1989-03-01,1989,3,354.08,352.6,29,0.53,353.205,353.205,1.9785692718821772,Moderate
1989-04-01,1989,4,355.72,353.07,28,0.47,353.205,353.205,1.9785692718821772,Moderate
1989-05-01,1989,5,355.95,352.78,27,0.49,353.205,353.205,1.9785692718821772,Moderate
1989-06-01,1989,6,355.44,353.06,26,0.42,353.205,353.205,1.9785692718821772,Moderate
1989-07-01,1989,7,354.05,353.38,26,0.41,353.205,353.205,1.9785692718821772,Moderate
1989-08-01,1989,8,351.84,353.43,25,0.48,353.205,353.205,1.9785692718821772,Moderate
1989-09-01,1989,9,350.09,353.37,24,0.69,353.205,353.205,1.9785692718821772,Moderate
1989-10-01,1989,10,350.33,353.57,25,0.34,353.205,353.205,1.9785692718821772,Moderate
1989-11-01,1989,11,351.55,353.68,27,0.36,353.205,353.205,1.9785692718821772,Moderate
1989-12-01,1989,12,352.91,353.84,27,0.48,353.205,353.205,1.9785692718821772,Moderate
1990-01-01,1990,1,353.86,353.78,25,0.34,354.4533333333333,354.45166666666665,1.8923786538896035,Moderate
1990-02-01,1990,2,355.1,354.37,28,0.66,354.4533333333333,354.45166666666665,1.8923786538896035,Moderate
1990-03-01,1990,3,355.75,354.27,27,0.57,354.4533333333333,354.45166666666665,1.8923786538896035,Moderate
1990-04-01,1990,4,356.38,353.76,28,0.55,354.4533333333333,354.45166666666665,1.8923786538896035,Moderate
1990-05-01,1990,5,357.38,354.23,28,0.3,354.4533333333333,354.45166666666665,1.8923786538896035,Moderate
1990-06-01,1990,6,356.39,354.02,29,0.4,354.4533333333333,354.45166666666665,1.8923786538896035,Moderate
1990-07-01,1990,7,354.89,354.24,30,0.89,354.4533333333333,354.45166666666665,1.8923786538896035,Moderate
1990-08-01,1990,8,353.07,354.68,22,0.62,354.4533333333333,354.45166666666665,1.8923786538896035,Moderate
1990-09-01,1990,9,351.38,354.69,27,0.72,354.4533333333333,354.45166666666665,1.8923786538896035,Moderate
1990-10-01,1990,10,351.69,354.94,28,0.3,354.4533333333333,354.45166666666665,1.8923786538896035,Moderate
1990-11-01,1990,11,353.14,355.18,24,0.2,354.4533333333333,354.45166666666665,1.8923786538896035,Moderate
1990-12-01,1990,12,354.41,355.26,28,0.51,354.4533333333333,354.45166666666665,1.8923786538896035,Moderate
1991-01-01,1991,1,354.93,354.9,28,0.51,355.70416666666665,355.7033333333334,2.3433133431622943,Moderate
1991-02-01,1991,2,355.82,355.11,26,0.54,355.70416666666665,355.7033333333334,2.3433133431622943,Moderate
1991-03-01,1991,3,357.33,355.79,30,0.73,355.70416666666665,355.7033333333334,2.3433133431622943,Moderate
1991-04-01,1991,4,358.77,356.13,30,0.66,355.70416666666665,355.7033333333334,2.3433133431622943,Moderate
1991-05-01,1991,5,359.23,356.1,29,0.52,355.70416666666665,355.7033333333334,2.3433133431622943,Moderate
1991-06-01,1991,6,358.23,355.88,29,0.3,355.70416666666665,355.7033333333334,2.3433133431622943,Moderate
1991-07-01,1991,7,356.3,355.69,24,0.46,355.70416666666665,355.7033333333334,2.3433133431622943,Moderate
1991-08-01,1991,8,353.97,355.6,23,0.39,355.70416666666665,355.7033333333334,2.3433133431622943,Moderate
1991-09-01,1991,9,352.34,355.66,27,0.37,355.70416666666665,355.7033333333334,2.3433133431622943,Moderate
1991-10-01,1991,10,352.43,355.69,27,0.25,355.70416666666665,355.7033333333334,2.3433133431622943,Moderate
1991-11-01,1991,11,353.89,355.87,28,0.25,355.70416666666665,355.7033333333334,2.3433133431622943,Moderate
1991-12-01,1991,12,355.21,356.02,30,0.34,355.70416666666665,355.7033333333334,2.3433133431622943,Moderate
1992-01-01,1992,1,356.34,356.29,31,0.6,356.5441666666666,356.54583333333335,2.3044323234439723,Moderate
1992-02-01,1992,2,357.21,356.47,27,0.56,356.5441666666666,356.54583333333335,2.3044323234439723,Moderate
1992-03-01,1992,3,357.97,356.38,24,0.72,356.5441666666666,356.54583333333335,2.3044323234439723,Moderate
1992-04-01,1992,4,359.22,356.51,27,0.53,356.5441666666666,356.54583333333335,2.3044323234439723,Moderate
1992-05-01,1992,5,359.71,356.52,26,0.74,356.5441666666666,356.54583333333335,2.3044323234439723,Moderate
1992-06-01,1992,6,359.43,357.07,30,0.49,356.5441666666666,356.54583333333335,2.3044323234439723,Moderate
1992-07-01,1992,7,357.15,356.58,25,0.63,356.5441666666666,356.54583333333335,2.3044323234439723,Moderate
1992-08-01,1992,8,354.98,356.67,24,0.62,356.5441666666666,356.54583333333335,2.3044323234439723,Moderate
1992-09-01,1992,9,353.01,356.36,25,0.98,356.5441666666666,356.54583333333335,2.3044323234439723,Moderate
1992-10-01,1992,10,353.41,356.72,29,0.56,356.5441666666666,356.54583333333335,2.3044323234439723,Moderate
1992-11-01,1992,11,354.42,356.48,29,0.34,356.5441666666666,356.54583333333335,2.3044323234439723,Moderate
1992-12-01,1992,12,355.68,356.5,31,0.32,356.5441666666666,356.54583333333335,2.3044323234439723,Moderate
1993-01-01,1993,1,357.1,357.06,28,0.58,357.21583333333336,357.21416666666664,2.033597163708315,Moderate
1993-02-01,1993,2,357.42,356.54,28,0.49,357.21583333333336,357.21416666666664,2.033597163708315,Moderate
1993-03-01,1993,3,358.59,356.88,30,0.72,357.21583333333336,357.21416666666664,2.033597163708315,Moderate
1993-04-01,1993,4,359.39,356.71,25,0.53,357.21583333333336,357.21416666666664,2.033597163708315,Moderate
1993-05-01,1993,5,360.3,357.14,30,0.45,357.21583333333336,357.21416666666664,2.033597163708315,Moderate
1993-06-01,1993,6,359.64,357.24,28,0.35,357.21583333333336,357.21416666666664,2.033597163708315,Moderate
1993-07-01,1993,7,357.46,356.87,25,0.78,357.21583333333336,357.21416666666664,2.033597163708315,Moderate
1993-08-01,1993,8,355.76,357.44,27,0.62,357.21583333333336,357.21416666666664,2.033597163708315,Moderate
1993-09-01,1993,9,354.14,357.51,23,0.73,357.21583333333336,357.21416666666664,2.033597163708315,Moderate
1993-10-01,1993,10,354.23,357.61,28,0.29,357.21583333333336,357.21416666666664,2.033597163708315,Moderate
1993-11-01,1993,11,355.53,357.65,29,0.26,357.21583333333336,357.21416666666664,2.033597163708315,Moderate
1993-12-01,1993,12,357.03,357.92,29,0.28,357.21583333333336,357.21416666666664,2.033597163708315,Moderate
1994-01-01,1994,1,358.36,358.25,27,0.33,358.9591666666667,358.96000000000004,1.9166564558357813,Moderate
1994-02-01,1994,2,359.04,358.21,25,0.5,358.9591666666667,358.96000000000004,1.9166564558357813,Moderate
1994-03-01,1994,3,360.11,358.41,29,0.82,358.9591666666667,358.96000000000004,1.9166564558357813,Moderate
1994-04-01,1994,4,361.36,358.59,28,0.5,358.9591666666667,358.96000000000004,1.9166564558357813,Moderate
1994-05-01,1994,5,361.78,358.59,30,0.45,358.9591666666667,358.96000000000004,1.9166564558357813,Moderate
1994-06-01,1994,6,360.94,358.57,27,0.3,358.9591666666667,358.96000000000004,1.9166564558357813,Moderate
1994-07-01,1994,7,359.51,358.91,31,0.41,358.9591666666667,358.96000000000004,1.9166564558357813,Moderate
1994-08-01,1994,8,357.59,359.29,24,0.43,358.9591666666667,358.96000000000004,1.9166564558357813,Moderate
1994-09-01,1994,9,355.86,359.31,24,0.58,358.9591666666667,358.96000000000004,1.9166564558357813,Moderate
1994-10-01,1994,10,356.21,359.63,28,0.28,358.9591666666667,358.96000000000004,1.9166564558357813,Moderate
1994-11-01,1994,11,357.65,359.8,28,0.51,358.9591666666667,358.96000000000004,1.9166564558357813,Moderate
1994-12-01,1994,12,359.1,359.96,28,0.46,358.9591666666667,358.96000000000004,1.9166564558357813,Moderate
1995-01-01,1995,1,360.04,359.91,30,0.47,360.9683333333333,360.9666666666667,1.953671756803922,Moderate
1995-02-01,1995,2,361.0,360.18,28,0.52,360.9683333333333,360.9666666666667,1.953671756803922,Moderate
1995-03-01,1995,3,361.98,360.37,29,0.78,360.9683333333333,360.9666666666667,1.953671756803922,Moderate
1995-04-01,1995,4,363.44,360.76,29,0.65,360.9683333333333,360.9666666666667,1.953671756803922,Moderate
1995-05-01,1995,5,363.83,360.73,29,0.66,360.9683333333333,360.9666666666667,1.953671756803922,Moderate
1995-06-01,1995,6,363.33,360.98,27,0.37,360.9683333333333,360.9666666666667,1.953671756803922,Moderate
1995-07-01,1995,7,361.78,361.1,28,0.36,360.9683333333333,360.9666666666667,1.953671756803922,Moderate
1995-08-01,1995,8,359.33,360.93,24,0.7,360.9683333333333,360.9666666666667,1.953671756803922,Moderate
1995-09-01,1995,9,358.32,361.7,24,0.68,360.9683333333333,360.9666666666667,1.953671756803922,Moderate
1995-10-01,1995,10,358.14,361.52,29,0.26,360.9683333333333,360.9666666666667,1.953671756803922,Moderate
1995-11-01,1995,11,359.61,361.75,26,0.24,360.9683333333333,360.9666666666667,1.953671756803922,Moderate
1995-12-01,1995,12,360.82,361.67,30,0.36,360.9683333333333,360.9666666666667,1.953671756803922,Moderate
1996-01-01,1996,1,362.2,361.98,29,0.38,362.74333333333334,362.74333333333334,1.9606693353098,Moderate
1996-02-01,1996,2,363.36,362.47,28,0.55,362.74333333333334,362.74333333333334,1.9606693353098,Moderate
1996-03-01,1996,3,364.28,362.65,28,0.67,362.74333333333334,362.74333333333334,1.9606693353098,Moderate
1996-04-01,1996,4,364.69,361.99,29,0.59,362.74333333333334,362.74333333333334,1.9606693353098,Moderate
1996-05-01,1996,5,365.25,362.23,30,0.57,362.74333333333334,362.74333333333334,1.9606693353098,Moderate
1996-06-01,1996,6,365.06,362.82,30,0.38,362.74333333333334,362.74333333333334,1.9606693353098,Moderate
1996-07-01,1996,7,363.69,362.98,31,0.32,362.74333333333334,362.74333333333334,1.9606693353098,Moderate
1996-08-01,1996,8,361.55,363.13,27,0.49,362.74333333333334,362.74333333333334,1.9606693353098,Moderate
1996-09-01,1996,9,359.69,363.14,25,0.75,362.74333333333334,362.74333333333334,1.9606693353098,Moderate
1996-10-01,1996,10,359.72,363.12,29,0.32,362.74333333333334,362.74333333333334,1.9606693353098,Moderate
1996-11-01,1996,11,361.04,363.18,29,0.29,362.74333333333334,362.74333333333334,1.9606693353098,Moderate
1996-12-01,1996,12,362.39,363.23,29,0.36,362.74333333333334,362.74333333333334,1.9606693353098,Moderate
1997-01-01,1997,1,363.24,363.03,31,0.4,363.8775,363.8766666666666,2.0085776287983026,Moderate
1997-02-01,1997,2,364.21,363.4,28,0.62,363.8775,363.8766666666666,2.0085776287983026,Moderate
1997-03-01,1997,3,364.65,363.02,31,0.4,363.8775,363.8766666666666,2.0085776287983026,Moderate
1997-04-01,1997,4,366.49,363.82,21,0.46,363.8775,363.8766666666666,2.0085776287983026,Moderate
1997-05-01,1997,5,366.77,363.87,29,0.53,363.8775,363.8766666666666,2.0085776287983026,Moderate
1997-06-01,1997,6,365.73,363.56,27,0.23,363.8775,363.8766666666666,2.0085776287983026,Moderate
1997-07-01,1997,7,364.46,363.74,24,0.47,363.8775,363.8766666666666,2.0085776287983026,Moderate
1997-08-01,1997,8,362.4,363.98,25,0.57,363.8775,363.8766666666666,2.0085776287983026,Moderate
1997-09-01,1997,9,360.44,363.83,26,0.63,363.8775,363.8766666666666,2.0085776287983026,Moderate
1997-10-01,1997,10,360.98,364.28,27,0.32,363.8775,363.8766666666666,2.0085776287983026,Moderate
1997-11-01,1997,11,362.65,364.71,30,0.31,363.8775,363.8766666666666,2.0085776287983026,Moderate
1997-12-01,1997,12,364.51,365.28,30,0.41,363.8775,363.8766666666666,2.0085776287983026,Moderate
1998-01-01,1998,1,365.39,365.19,30,0.43,366.84,366.83916666666664,1.790520493142587,Moderate
1998-02-01,1998,2,366.1,365.29,28,0.62,366.84,366.83916666666664,1.790520493142587,Moderate
1998-03-01,1998,3,367.36,365.73,31,0.82,366.84,366.83916666666664,1.790520493142587,Moderate
1998-04-01,1998,4,368.79,366.17,29,0.63,366.84,366.83916666666664,1.790520493142587,Moderate
1998-05-01,1998,5,369.56,366.68,30,0.77,366.84,366.83916666666664,1.790520493142587,Moderate
1998-06-01,1998,6,369.13,366.95,28,0.24,366.84,366.83916666666664,1.790520493142587,Moderate
1998-07-01,1998,7,367.98,367.29,23,0.65,366.84,366.83916666666664,1.790520493142587,Moderate
1998-08-01,1998,8,366.1,367.69,30,0.3,366.84,366.83916666666664,1.790520493142587,Moderate
1998-09-01,1998,9,364.16,367.51,28,0.4,366.84,366.83916666666664,1.790520493142587,Moderate
1998-10-01,1998,10,364.54,367.82,30,0.26,366.84,366.83916666666664,1.790520493142587,Moderate
1998-11-01,1998,11,365.67,367.7,23,0.25,366.84,366.83916666666664,1.790520493142587,Moderate
1998-12-01,1998,12,367.3,368.05,26,0.36,366.84,366.83916666666664,1.790520493142587,Moderate
1999-01-01,1999,1,368.35,368.13,27,0.47,368.53999999999996,368.5408333333333,2.0803496209662766,Moderate
1999-02-01,1999,2,369.28,368.46,21,0.47,368.53999999999996,368.5408333333333,2.0803496209662766,Moderate
1999-03-01,1999,3,369.84,368.24,25,0.81,368.53999999999996,368.5408333333333,2.0803496209662766,Moderate
1999-04-01,1999,4,371.15,368.62,29,0.67,368.53999999999996,368.5408333333333,2.0803496209662766,Moderate
1999-05-01,1999,5,371.12,368.31,26,0.59,368.53999999999996,368.5408333333333,2.0803496209662766,Moderate
1999-06-01,1999,6,370.46,368.3,26,0.44,368.53999999999996,368.5408333333333,2.0803496209662766,Moderate
1999-07-01,1999,7,369.61,368.93,27,0.63,368.53999999999996,368.5408333333333,2.0803496209662766,Moderate
1999-08-01,1999,8,367.06,368.63,25,0.38,368.53999999999996,368.5408333333333,2.0803496209662766,Moderate
1999-09-01,1999,9,364.95,368.28,28,0.74,368.53999999999996,368.5408333333333,2.0803496209662766,Moderate
1999-10-01,1999,10,365.52,368.8,31,0.28,368.53999999999996,368.5408333333333,2.0803496209662766,Moderate
1999-11-01,1999,11,366.88,368.86,28,0.25,368.53999999999996,368.5408333333333,2.0803496209662766,Moderate
1999-12-01,1999,12,368.26,368.93,26,0.29,368.53999999999996,368.5408333333333,2.0803496209662766,Moderate
2000-01-01,2000,1,369.45,369.24,26,0.48,369.70666666666665,369.7075,1.6954341537485378,Moderate
2000-02-01,2000,2,369.71,368.99,19,0.48,369.70666666666665,369.7075,1.6954341537485378,Moderate
2000-03-01,2000,3,370.75,369.24,30,0.47,369.70666666666665,369.7075,1.6954341537485378,Moderate
2000-04-01,2000,4,371.98,369.44,27,0.58,369.70666666666665,369.7075,1.6954341537485378,Moderate
2000-05-01,2000,5,371.74,368.87,28,0.53,369.70666666666665,369.7075,1.6954341537485378,Moderate
2000-06-01,2000,6,371.87,369.66,28,0.24,369.70666666666665,369.7075,1.6954341537485378,Moderate
2000-07-01,2000,7,370.02,369.36,25,0.31,369.70666666666665,369.7075,1.6954341537485378,Moderate
2000-08-01,2000,8,368.27,369.87,27,0.42,369.70666666666665,369.7075,1.6954341537485378,Moderate
2000-09-01,2000,9,367.15,370.46,25,0.36,369.70666666666665,369.7075,1.6954341537485378,Moderate
2000-10-01,2000,10,367.18,370.42,30,0.27,369.70666666666665,369.7075,1.6954341537485378,Moderate
2000-11-01,2000,11,368.53,370.48,25,0.3,369.70666666666665,369.7075,1.6954341537485378,Moderate
2000-12-01,2000,12,369.83,370.46,30,0.38,369.70666666666665,369.7075,1.6954341537485378,Moderate
2001-01-01,2001,1,370.76,370.6,30,0.56,371.31916666666666,371.3183333333333,1.8937718895624533,Moderate
2001-02-01,2001,2,371.69,370.95,26,0.61,371.31916666666666,371.3183333333333,1.8937718895624533,Moderate
2001-03-01,2001,3,372.63,371.06,26,0.46,371.31916666666666,371.3183333333333,1.8937718895624533,Moderate
2001-04-01,2001,4,373.55,370.99,29,0.56,371.31916666666666,371.3183333333333,1.8937718895624533,Moderate
2001-05-01,2001,5,374.03,371.11,24,0.41,371.31916666666666,371.3183333333333,1.8937718895624533,Moderate
2001-06-01,2001,6,373.4,371.17,26,0.37,371.31916666666666,371.3183333333333,1.8937718895624533,Moderate
2001-07-01,2001,7,371.68,371.08,25,0.62,371.31916666666666,371.3183333333333,1.8937718895624533,Moderate
2001-08-01,2001,8,369.78,371.39,27,0.6,371.31916666666666,371.3183333333333,1.8937718895624533,Moderate
2001-09-01,2001,9,368.34,371.61,28,0.49,371.31916666666666,371.3183333333333,1.8937718895624533,Moderate
2001-10-01,2001,10,368.61,371.85,31,0.33,371.31916666666666,371.3183333333333,1.8937718895624533,Moderate
2001-11-01,2001,11,369.94,371.92,24,0.24,371.31916666666666,371.3183333333333,1.8937718895624533,Moderate
2001-12-01,2001,12,371.42,372.09,29,0.4,371.31916666666666,371.3183333333333,1.8937718895624533,Moderate
2002-01-01,2002,1,372.7,372.48,28,0.52,373.45250000000004,373.45250000000004,1.7354073401837504,Moderate
2002-02-01,2002,2,373.37,372.49,28,0.66,373.45250000000004,373.45250000000004,1.7354073401837504,Moderate
2002-03-01,2002,3,374.3,372.61,24,0.62,373.45250000000004,373.45250000000004,1.7354073401837504,Moderate
2002-04-01,2002,4,375.19,372.54,29,0.55,373.45250000000004,373.45250000000004,1.7354073401837504,Moderate
2002-05-01,2002,5,375.93,372.98,29,0.57,373.45250000000004,373.45250000000004,1.7354073401837504,Moderate
2002-06-01,2002,6,375.69,373.46,28,0.46,373.45250000000004,373.45250000000004,1.7354073401837504,Moderate
2002-07-01,2002,7,374.16,373.58,25,0.47,373.45250000000004,373.45250000000004,1.7354073401837504,Moderate
2002-08-01,2002,8,372.03,373.7,28,0.65,373.45250000000004,373.45250000000004,1.7354073401837504,Moderate
2002-09-01,2002,9,370.92,374.29,23,0.74,373.45250000000004,373.45250000000004,1.7354073401837504,Moderate
2002-10-01,2002,10,370.73,374.06,31,0.62,373.45250000000004,373.45250000000004,1.7354073401837504,Moderate
2002-11-01,2002,11,372.43,374.52,29,0.43,373.45250000000004,373.45250000000004,1.7354073401837504,Moderate
2002-12-01,2002,12,373.98,374.72,31,0.46,373.45250000000004,373.45250000000004,1.7354073401837504,Moderate
2003-01-01,2003,1,375.07,374.82,30,0.51,375.98333333333335,375.98333333333335,1.8408364370249823,Moderate
2003-02-01,2003,2,375.82,374.95,27,0.58,375.98333333333335,375.98333333333335,1.8408364370249823,Moderate
2003-03-01,2003,3,376.64,374.99,28,0.63,375.98333333333335,375.98333333333335,1.8408364370249823,Moderate
2003-04-01,2003,4,377.92,375.24,27,0.37,375.98333333333335,375.98333333333335,1.8408364370249823,Moderate
2003-05-01,2003,5,378.78,375.73,30,0.78,375.98333333333335,375.98333333333335,1.8408364370249823,Moderate
2003-06-01,2003,6,378.46,376.21,25,0.39,375.98333333333335,375.98333333333335,1.8408364370249823,Moderate
2003-07-01,2003,7,376.88,376.37,29,0.7,375.98333333333335,375.98333333333335,1.8408364370249823,Moderate
2003-08-01,2003,8,374.57,376.27,23,0.57,375.98333333333335,375.98333333333335,1.8408364370249823,Moderate
2003-09-01,2003,9,373.34,376.65,25,0.37,375.98333333333335,375.98333333333335,1.8408364370249823,Moderate
2003-10-01,2003,10,373.31,376.65,30,0.33,375.98333333333335,375.98333333333335,1.8408364370249823,Moderate
2003-11-01,2003,11,374.84,376.99,26,0.45,375.98333333333335,375.98333333333335,1.8408364370249823,Moderate
2003-12-01,2003,12,376.17,376.93,27,0.4,375.98333333333335,375.98333333333335,1.8408364370249823,Moderate
2004-01-01,2004,1,377.17,376.96,30,0.45,377.6983333333333,377.6975,2.1100617540869666,Moderate
2004-02-01,2004,2,378.05,377.19,29,0.74,377.6983333333333,377.6975,2.1100617540869666,Moderate
2004-03-01,2004,3,379.06,377.4,27,0.84,377.6983333333333,377.6975,2.1100617540869666,Moderate
2004-04-01,2004,4,380.54,377.8,26,0.52,377.6983333333333,377.6975,2.1100617540869666,Moderate
2004-05-01,2004,5,380.8,377.66,28,0.61,377.6983333333333,377.6975,2.1100617540869666,Moderate
2004-06-01,2004,6,379.87,377.57,21,0.47,377.6983333333333,377.6975,2.1100617540869666,Moderate
2004-07-01,2004,7,377.65,377.12,25,0.5,377.6983333333333,377.6975,2.1100617540869666,Moderate
2004-08-01,2004,8,376.17,377.9,16,0.45,377.6983333333333,377.6975,2.1100617540869666,Moderate
2004-09-01,2004,9,374.43,377.8,15,0.56,377.6983333333333,377.6975,2.1100617540869666,Moderate
2004-10-01,2004,10,374.63,378.0,29,0.19,377.6983333333333,377.6975,2.1100617540869666,Moderate
2004-11-01,2004,11,376.33,378.49,29,0.62,377.6983333333333,377.6975,2.1100617540869666,Moderate
2004-12-01,2004,12,377.68,378.48,30,0.29,377.6983333333333,377.6975,2.1100617540869666,Moderate
2005-01-01,2005,1,378.63,378.37,31,0.32,379.98333333333335,379.9825,1.9879150033656177,Moderate
2005-02-01,2005,2,379.91,379.1,24,0.6,379.98333333333335,379.9825,1.9879150033656177,Moderate
2005-03-01,2005,3,380.95,379.45,26,1.16,379.98333333333335,379.9825,1.9879150033656177,Moderate
2005-04-01,2005,4,382.48,379.84,26,0.53,379.98333333333335,379.9825,1.9879150033656177,Moderate
2005-05-01,2005,5,382.64,379.49,31,0.61,379.98333333333335,379.9825,1.9879150033656177,Moderate
2005-06-01,2005,6,382.4,380.07,28,0.21,379.98333333333335,379.9825,1.9879150033656177,Moderate
2005-07-01,2005,7,380.93,380.38,29,0.38,379.98333333333335,379.9825,1.9879150033656177,Moderate
2005-08-01,2005,8,378.93,380.61,26,0.53,379.98333333333335,379.9825,1.9879150033656177,Moderate
2005-09-01,2005,9,376.89,380.2,27,0.51,379.98333333333335,379.9825,1.9879150033656177,Moderate
2005-10-01,2005,10,377.19,380.5,14,0.15,379.98333333333335,379.9825,1.9879150033656177,Moderate
2005-11-01,2005,11,378.54,380.69,23,0.45,379.98333333333335,379.9825,1.9879150033656177,Moderate
2005-12-01,2005,12,380.31,381.09,26,0.39,379.98333333333335,379.9825,1.9879150033656177,Moderate
2006-01-01,2006,1,381.58,381.33,24,0.31,382.09083333333336,382.08916666666664,2.027064417209059,Moderate
2006-02-01,2006,2,382.4,381.58,25,0.51,382.09083333333336,382.08916666666664,2.027064417209059,Moderate
2006-03-01,2006,3,382.86,381.32,29,0.55,382.09083333333336,382.08916666666664,2.027064417209059,Moderate
2006-04-01,2006,4,384.8,382.11,25,0.49,382.09083333333336,382.08916666666664,2.027064417209059,Moderate
2006-05-01,2006,5,385.22,382.06,24,0.45,382.09083333333336,382.08916666666664,2.027064417209059,Moderate
2006-06-01,2006,6,384.24,381.93,28,0.43,382.09083333333336,382.08916666666664,2.027064417209059,Moderate
2006-07-01,2006,7,382.65,382.1,24,0.32,382.09083333333336,382.08916666666664,2.027064417209059,Moderate
2006-08-01,2006,8,380.6,382.27,27,0.47,382.09083333333336,382.08916666666664,2.027064417209059,Moderate
2006-09-01,2006,9,379.04,382.35,25,0.42,382.09083333333336,382.08916666666664,2.027064417209059,Moderate
2006-10-01,2006,10,379.33,382.66,23,0.4,382.09083333333336,382.08916666666664,2.027064417209059,Moderate
2006-11-01,2006,11,380.35,382.52,29,0.39,382.09083333333336,382.08916666666664,2.027064417209059,Moderate
2006-12-01,2006,12,382.02,382.84,27,0.38,382.09083333333336,382.08916666666664,2.027064417209059,Moderate
2007-01-01,2007,1,383.1,382.88,24,0.76,384.02500000000003,384.02416666666664,1.9585871531192258,Moderate
2007-02-01,2007,2,384.12,383.22,21,0.81,384.02500000000003,384.02416666666664,1.9585871531192258,Moderate
2007-03-01,2007,3,384.81,383.17,27,0.63,384.02500000000003,384.02416666666664,1.9585871531192258,Moderate
2007-04-01,2007,4,386.73,383.95,25,0.76,384.02500000000003,384.02416666666664,1.9585871531192258,Moderate
2007-05-01,2007,5,386.78,383.56,29,0.64,384.02500000000003,384.02416666666664,1.9585871531192258,Moderate
2007-06-01,2007,6,386.33,384.06,26,0.42,384.02500000000003,384.02416666666664,1.9585871531192258,Moderate
2007-07-01,2007,7,384.73,384.25,27,0.44,384.02500000000003,384.02416666666664,1.9585871531192258,Moderate
2007-08-01,2007,8,382.24,383.95,22,0.64,384.02500000000003,384.02416666666664,1.9585871531192258,Moderate
2007-09-01,2007,9,381.2,384.56,21,0.45,384.02500000000003,384.02416666666664,1.9585871531192258,Moderate
2007-10-01,2007,10,381.37,384.72,29,0.19,384.02500000000003,384.02416666666664,1.9585871531192258,Moderate
2007-11-01,2007,11,382.7,384.9,30,0.31,384.02500000000003,384.02416666666664,1.9585871531192258,Moderate
2007-12-01,2007,12,384.19,385.07,22,0.34,384.02500000000003,384.02416666666664,1.9585871531192258,Moderate
2008-01-01,2008,1,385.78,385.54,31,0.56,385.8308333333334,385.83,1.7452088092485631,Moderate
2008-02-01,2008,2,386.06,385.2,26,0.58,385.8308333333334,385.83,1.7452088092485631,Moderate
2008-03-01,2008,3,386.28,384.72,30,0.6,385.8308333333334,385.83,1.7452088092485631,Moderate
2008-04-01,2008,4,387.33,384.71,22,1.19,385.8308333333334,385.83,1.7452088092485631,Moderate
2008-05-01,2008,5,388.78,385.69,25,0.57,385.8308333333334,385.83,1.7452088092485631,Moderate
2008-06-01,2008,6,387.99,385.68,23,0.49,385.8308333333334,385.83,1.7452088092485631,Moderate
2008-07-01,2008,7,386.61,386.04,10,0.96,385.8308333333334,385.83,1.7452088092485631,Moderate
2008-08-01,2008,8,384.32,385.98,25,0.66,385.8308333333334,385.83,1.7452088092485631,Moderate
2008-09-01,2008,9,383.41,386.68,27,0.34,385.8308333333334,385.83,1.7452088092485631,Moderate
2008-10-01,2008,10,383.21,386.49,23,0.27,385.8308333333334,385.83,1.7452088092485631,Moderate
2008-11-01,2008,11,384.41,386.59,28,0.29,385.8308333333334,385.83,1.7452088092485631,Moderate
2008-12-01,2008,12,385.79,386.64,29,0.27,385.8308333333334,385.83,1.7452088092485631,Moderate
2009-01-01,2009,1,387.17,386.86,30,0.38,387.6433333333334,387.6433333333334,1.8766427147403197,Moderate
2009-02-01,2009,2,387.7,386.81,26,0.49,387.6433333333334,387.6433333333334,1.8766427147403197,Moderate
2009-03-01,2009,3,389.04,387.54,28,0.68,387.6433333333334,387.6433333333334,1.8766427147403197,Moderate
2009-04-01,2009,4,389.76,387.15,29,0.85,387.6433333333334,387.6433333333334,1.8766427147403197,Moderate
2009-05-01,2009,5,390.36,387.24,30,0.51,387.6433333333334,387.6433333333334,1.8766427147403197,Moderate
2009-06-01,2009,6,389.7,387.46,29,0.6,387.6433333333334,387.6433333333334,1.8766427147403197,Moderate
2009-07-01,2009,7,388.25,387.77,22,0.31,387.6433333333334,387.6433333333334,1.8766427147403197,Moderate
2009-08-01,2009,8,386.29,387.99,28,0.62,387.6433333333334,387.6433333333334,1.8766427147403197,Moderate
2009-09-01,2009,9,384.95,388.22,28,0.56,387.6433333333334,387.6433333333334,1.8766427147403197,Moderate
2009-10-01,2009,10,384.64,387.88,30,0.31,387.6433333333334,387.6433333333334,1.8766427147403197,Moderate
2009-11-01,2009,11,386.23,388.36,30,0.29,387.6433333333334,387.6433333333334,1.8766427147403197,Moderate
2009-12-01,2009,12,387.63,388.44,20,0.47,387.6433333333334,387.6433333333334,1.8766427147403197,Moderate
2010-01-01,2010,1,388.91,388.62,30,0.92,390.1016666666667,390.1016666666667,2.027290324696018,Moderate
2010-02-01,2010,2,390.41,389.47,20,1.31,390.1016666666667,390.1016666666667,2.027290324696018,Moderate
2010-03-01,2010,3,391.37,389.85,25,1.05,390.1016666666667,390.1016666666667,2.027290324696018,Moderate
2010-04-01,2010,4,392.67,390.12,26,0.65,390.1016666666667,390.1016666666667,2.027290324696018,Moderate
2010-05-01,2010,5,393.21,390.09,29,0.65,390.1016666666667,390.1016666666667,2.027290324696018,Moderate
2010-06-01,2010,6,392.38,390.1,28,0.42,390.1016666666667,390.1016666666667,2.027290324696018,Moderate
2010-07-01,2010,7,390.41,389.93,29,0.47,390.1016666666667,390.1016666666667,2.027290324696018,Moderate
2010-08-01,2010,8,388.54,390.21,26,0.41,390.1016666666667,390.1016666666667,2.027290324696018,Moderate
2010-09-01,2010,9,387.03,390.32,29,0.55,390.1016666666667,390.1016666666667,2.027290324696018,Moderate
2010-10-01,2010,10,387.43,390.72,31,0.27,390.1016666666667,390.1016666666667,2.027290324696018,Moderate
2010-11-01,2010,11,388.87,390.99,29,0.42,390.1016666666667,390.1016666666667,2.027290324696018,Moderate
2010-12-01,2010,12,389.99,390.8,29,0.47,390.1016666666667,390.1016666666667,2.027290324696018,Moderate
2011-01-01,2011,1,391.5,391.2,29,0.88,391.85083333333336,391.85083333333336,1.7379583546288557,Moderate
2011-02-01,2011,2,392.05,391.12,28,0.47,391.85083333333336,391.85083333333336,1.7379583546288557,Moderate
2011-03-01,2011,3,392.8,391.28,29,0.97,391.85083333333336,391.85083333333336,1.7379583546288557,Moderate
2011-04-01,2011,4,393.44,390.84,28,0.73,391.85083333333336,391.85083333333336,1.7379583546288557,Moderate
2011-05-01,2011,5,394.41,391.24,29,0.93,391.85083333333336,391.85083333333336,1.7379583546288557,Moderate
2011-06-01,2011,6,393.95,391.65,28,0.45,391.85083333333336,391.85083333333336,1.7379583546288557,Moderate
2011-07-01,2011,7,392.72,392.24,26,0.71,391.85083333333336,391.85083333333336,1.7379583546288557,Moderate
2011-08-01,2011,8,390.33,392.03,27,0.42,391.85083333333336,391.85083333333336,1.7379583546288557,Moderate
2011-09-01,2011,9,389.28,392.6,26,0.31,391.85083333333336,391.85083333333336,1.7379583546288557,Moderate
2011-10-01,2011,10,389.19,392.52,30,0.17,391.85083333333336,391.85083333333336,1.7379583546288557,Moderate
2011-11-01,2011,11,390.48,392.63,28,0.26,391.85083333333336,391.85083333333336,1.7379583546288557,Moderate
2011-12-01,2011,12,392.06,392.86,26,0.37,391.85083333333336,391.85083333333336,1.7379583546288557,Moderate
2012-01-01,2012,1,393.31,393.08,30,0.77,394.05583333333334,394.05583333333334,1.8237745989783838,Moderate
2012-02-01,2012,2,394.04,393.21,26,1.19,394.05583333333334,394.05583333333334,1.8237745989783838,Moderate
2012-03-01,2012,3,394.59,393.0,30,0.63,394.05583333333334,394.05583333333334,1.8237745989783838,Moderate
2012-04-01,2012,4,396.38,393.65,29,0.59,394.05583333333334,394.05583333333334,1.8237745989783838,Moderate
2012-05-01,2012,5,396.93,393.73,30,0.5,394.05583333333334,394.05583333333334,1.8237745989783838,Moderate
2012-06-01,2012,6,395.91,393.64,28,0.59,394.05583333333334,394.05583333333334,1.8237745989783838,Moderate
2012-07-01,2012,7,394.56,394.12,26,0.3,394.05583333333334,394.05583333333334,1.8237745989783838,Moderate
2012-08-01,2012,8,392.59,394.36,30,0.52,394.05583333333334,394.05583333333334,1.8237745989783838,Moderate
2012-09-01,2012,9,391.32,394.74,26,0.42,394.05583333333334,394.05583333333334,1.8237745989783838,Moderate
2012-10-01,2012,10,391.27,394.63,28,0.23,394.05583333333334,394.05583333333334,1.8237745989783838,Moderate
2012-11-01,2012,11,393.2,395.24,29,0.53,394.05583333333334,394.05583333333334,1.8237745989783838,Moderate
2012-12-01,2012,12,394.57,395.27,29,0.44,394.05583333333334,394.05583333333334,1.8237745989783838,Moderate
2013-01-01,2013,1,395.78,395.63,28,0.6,396.7375,396.7383333333333,1.9562307216592751,Moderate
2013-02-01,2013,2,397.03,396.24,25,0.57,396.7375,396.7383333333333,1.9562307216592751,Moderate
2013-03-01,2013,3,397.66,396.08,30,0.71,396.7375,396.7383333333333,1.9562307216592751,Moderate
2013-04-01,2013,4,398.64,395.8,22,0.59,396.7375,396.7383333333333,1.9562307216592751,Moderate
2013-05-01,2013,5,400.02,396.65,28,0.37,396.7375,396.7383333333333,1.9562307216592751,High
2013-06-01,2013,6,398.81,396.48,26,0.43,396.7375,396.7383333333333,1.9562307216592751,Moderate
2013-07-01,2013,7,397.51,397.12,21,0.52,396.7375,396.7383333333333,1.9562307216592751,Moderate
2013-08-01,2013,8,395.39,397.26,27,0.45,396.7375,396.7383333333333,1.9562307216592751,Moderate
2013-09-01,2013,9,393.72,397.24,26,0.35,396.7375,396.7383333333333,1.9562307216592751,Moderate
2013-10-01,2013,10,393.9,397.24,28,0.16,396.7375,396.7383333333333,1.9562307216592751,Moderate
2013-11-01,2013,11,395.36,397.34,30,0.6,396.7375,396.7383333333333,1.9562307216592751,Moderate
2013-12-01,2013,12,397.03,397.78,30,0.48,396.7375,396.7383333333333,1.9562307216592751,Moderate
2014-01-01,2014,1,398.04,397.74,31,0.49,398.87083333333334,398.86999999999995,2.0620927513454523,Moderate
2014-02-01,2014,2,398.27,397.46,27,0.51,398.87083333333334,398.86999999999995,2.0620927513454523,Moderate
2014-03-01,2014,3,399.91,398.38,22,0.84,398.87083333333334,398.86999999999995,2.0620927513454523,Moderate
2014-04-01,2014,4,401.51,398.64,26,0.5,398.87083333333334,398.86999999999995,2.0620927513454523,High
2014-05-01,2014,5,401.96,398.57,22,0.51,398.87083333333334,398.86999999999995,2.0620927513454523,High
2014-06-01,2014,6,401.43,399.11,28,0.36,398.87083333333334,398.86999999999995,2.0620927513454523,High
2014-07-01,2014,7,399.38,398.95,25,0.56,398.87083333333334,398.86999999999995,2.0620927513454523,Moderate
2014-08-01,2014,8,397.32,399.2,21,0.22,398.87083333333334,398.86999999999995,2.0620927513454523,Moderate
2014-09-01,2014,9,395.64,399.2,21,0.56,398.87083333333334,398.86999999999995,2.0620927513454523,Moderate
2014-10-01,2014,10,396.29,399.69,24,0.75,398.87083333333334,398.86999999999995,2.0620927513454523,Moderate
2014-11-01,2014,11,397.55,399.62,27,0.38,398.87083333333334,398.86999999999995,2.0620927513454523,Moderate
2014-12-01,2014,12,399.15,399.88,29,0.61,398.87083333333334,398.86999999999995,2.0620927513454523,Moderate
2015-01-01,2015,1,400.18,399.92,30,0.55,401.0125,401.0125,1.9679067097252838,High
2015-02-01,2015,2,400.55,399.78,28,0.63,401.0125,401.0125,1.9679067097252838,High
2015-03-01,2015,3,401.74,400.23,24,1.02,401.0125,401.0125,1.9679067097252838,High
2015-04-01,2015,4,403.35,400.47,26,0.86,401.0125,401.0125,1.9679067097252838,High
2015-05-01,2015,5,404.15,400.71,30,0.32,401.0125,401.0125,1.9679067097252838,High
2015-06-01,2015,6,402.97,400.66,29,0.47,401.0125,401.0125,1.9679067097252838,High
2015-07-01,2015,7,401.46,401.1,24,0.57,401.0125,401.0125,1.9679067097252838,High
2015-08-01,2015,8,399.11,401.03,28,0.74,401.0125,401.0125,1.9679067097252838,Moderate
2015-09-01,2015,9,397.82,401.43,25,0.32,401.0125,401.0125,1.9679067097252838,Moderate
2015-10-01,2015,10,398.49,401.88,28,0.56,401.0125,401.0125,1.9679067097252838,Moderate
2015-11-01,2015,11,400.27,402.22,25,0.58,401.0125,401.0125,1.9679067097252838,High
2015-12-01,2015,12,402.06,402.72,30,0.67,401.0125,401.0125,1.9679067097252838,High
2016-01-01,2016,1,402.73,402.46,27,0.56,404.41249999999997,404.4141666666667,2.2087187771112036,High
2016-02-01,2016,2,404.25,403.41,25,1.11,404.41249999999997,404.4141666666667,2.2087187771112036,High
2016-03-01,2016,3,405.06,403.55,28,0.81,404.41249999999997,404.4141666666667,2.2087187771112036,High
2016-04-01,2016,4,407.6,404.78,23,1.04,404.41249999999997,404.4141666666667,2.2087187771112036,High
2016-05-01,2016,5,407.9,404.42,29,0.5,404.41249999999997,404.4141666666667,2.2087187771112036,High
2016-06-01,2016,6,406.99,404.59,26,0.6,404.41249999999997,404.4141666666667,2.2087187771112036,High
2016-07-01,2016,7,404.59,404.23,28,0.88,404.41249999999997,404.4141666666667,2.2087187771112036,High
2016-08-01,2016,8,402.45,404.4,24,0.6,404.41249999999997,404.4141666666667,2.2087187771112036,High
2016-09-01,2016,9,401.23,404.85,25,0.44,404.41249999999997,404.4141666666667,2.2087187771112036,High
2016-10-01,2016,10,401.79,405.22,29,0.3,404.41249999999997,404.4141666666667,2.2087187771112036,High
2016-11-01,2016,11,403.72,405.73,27,0.72,404.41249999999997,404.4141666666667,2.2087187771112036,High
2016-12-01,2016,12,404.64,405.33,29,0.44,404.41249999999997,404.4141666666667,2.2087187771112036,High
2017-01-01,2017,1,406.36,406.05,27,0.68,406.7575,406.7575,2.0309430187611226,High
2017-02-01,2017,2,406.66,405.82,26,0.71,406.7575,406.7575,2.0309430187611226,High
2017-03-01,2017,3,407.53,406.06,24,1.03,406.7575,406.7575,2.0309430187611226,High
2017-04-01,2017,4,409.22,406.38,26,0.86,406.7575,406.7575,2.0309430187611226,High
2017-05-01,2017,5,409.89,406.38,27,0.57,406.7575,406.7575,2.0309430187611226,High
2017-06-01,2017,6,409.08,406.69,26,0.54,406.7575,406.7575,2.0309430187611226,High
2017-07-01,2017,7,407.33,407.0,28,0.61,406.7575,406.7575,2.0309430187611226,High
2017-08-01,2017,8,405.32,407.29,29,0.32,406.7575,406.7575,2.0309430187611226,High
2017-09-01,2017,9,403.57,407.16,26,0.37,406.7575,406.7575,2.0309430187611226,High
2017-10-01,2017,10,403.82,407.21,27,0.3,406.7575,406.7575,2.0309430187611226,High
2017-11-01,2017,11,405.31,407.34,26,0.41,406.7575,406.7575,2.0309430187611226,High
2017-12-01,2017,12,407.0,407.71,31,0.57,406.7575,406.7575,2.0309430187611226,High
2018-01-01,2018,1,408.15,407.82,29,0.55,408.715,408.715,1.7877182002867242,High
2018-02-01,2018,2,408.52,407.61,28,0.52,408.715,408.715,1.7877182002867242,High
2018-03-01,2018,3,409.59,408.06,29,0.65,408.715,408.715,1.7877182002867242,High
2018-04-01,2018,4,410.45,407.65,21,0.9,408.715,408.715,1.7877182002867242,High
2018-05-01,2018,5,411.44,407.98,24,0.86,408.715,408.715,1.7877182002867242,High
2018-06-01,2018,6,410.99,408.6,29,0.61,408.715,408.715,1.7877182002867242,High
2018-07-01,2018,7,408.9,408.59,27,0.46,408.715,408.715,1.7877182002867242,High
2018-08-01,2018,8,407.16,409.17,31,0.28,408.715,408.715,1.7877182002867242,High
2018-09-01,2018,9,405.71,409.31,29,0.45,408.715,408.715,1.7877182002867242,High
2018-10-01,2018,10,406.19,409.56,30,0.32,408.715,408.715,1.7877182002867242,High
2018-11-01,2018,11,408.21,410.24,24,0.56,408.715,408.715,1.7877182002867242,High
2018-12-01,2018,12,409.27,409.99,30,0.5,408.715,408.715,1.7877182002867242,High
2019-01-01,2019,1,411.03,410.72,26,1.26,411.6541666666667,411.6558333333333,1.9409625462796911,High
2019-02-01,2019,2,411.96,411.09,27,1.14,411.6541666666667,411.6558333333333,1.9409625462796911,High
2019-03-01,2019,3,412.18,410.64,28,1.12,411.6541666666667,411.6558333333333,1.9409625462796911,High
2019-04-01,2019,4,413.54,410.69,27,0.6,411.6541666666667,411.6558333333333,1.9409625462796911,High
2019-05-01,2019,5,414.86,411.41,28,0.5,411.6541666666667,411.6558333333333,1.9409625462796911,High
2019-06-01,2019,6,414.16,411.76,27,0.36,411.6541666666667,411.6558333333333,1.9409625462796911,High
2019-07-01,2019,7,411.97,411.63,25,0.82,411.6541666666667,411.6558333333333,1.9409625462796911,High
2019-08-01,2019,8,410.18,412.2,29,0.33,411.6541666666667,411.6558333333333,1.9409625462796911,High
2019-09-01,2019,9,408.76,412.36,30,0.38,411.6541666666667,411.6558333333333,1.9409625462796911,High
2019-10-01,2019,10,408.75,412.12,29,0.31,411.6541666666667,411.6558333333333,1.9409625462796911,High
2019-11-01,2019,11,410.48,412.54,26,0.4,411.6541666666667,411.6558333333333,1.9409625462796911,High
2019-12-01,2019,12,411.98,412.71,31,0.4,411.6541666666667,411.6558333333333,1.9409625462796911,High
2020-01-01,2020,1,413.61,413.29,29,0.73,414.2383333333333,414.23583333333335,1.8809467313192452,High
2020-02-01,2020,2,414.34,413.47,28,0.69,414.2383333333333,414.23583333333335,1.8809467313192452,High
2020-03-01,2020,3,414.74,413.19,26,0.33,414.2383333333333,414.23583333333335,1.8809467313192452,High
2020-04-01,2020,4,416.45,413.59,28,0.66,414.2383333333333,414.23583333333335,1.8809467313192452,High
2020-05-01,2020,5,417.31,413.85,27,0.61,414.2383333333333,414.23583333333335,1.8809467313192452,High
2020-06-01,2020,6,416.6,414.2,27,0.44,414.2383333333333,414.23583333333335,1.8809467313192452,High
2020-07-01,2020,7,414.62,414.27,30,0.55,414.2383333333333,414.23583333333335,1.8809467313192452,High
2020-08-01,2020,8,412.78,414.8,25,0.25,414.2383333333333,414.23583333333335,1.8809467313192452,High
2020-09-01,2020,9,411.52,415.12,29,0.31,414.2383333333333,414.23583333333335,1.8809467313192452,High
2020-10-01,2020,10,411.51,414.88,30,0.22,414.2383333333333,414.23583333333335,1.8809467313192452,High
2020-11-01,2020,11,413.12,415.18,27,0.81,414.2383333333333,414.23583333333335,1.8809467313192452,High
2020-12-01,2020,12,414.26,414.99,30,0.47,414.2383333333333,414.23583333333335,1.8809467313192452,High
2021-01-01,2021,1,415.52,415.2,29,0.44,416.4508333333333,416.45,2.025027309954235,High
2021-02-01,2021,2,416.75,415.88,28,1.02,416.4508333333333,416.45,2.025027309954235,High
2021-03-01,2021,3,417.64,416.1,28,0.86,416.4508333333333,416.45,2.025027309954235,High
2021-04-01,2021,4,419.05,416.19,24,1.12,416.4508333333333,416.45,2.025027309954235,High
2021-05-01,2021,5,419.13,415.67,28,0.9,416.4508333333333,416.45,2.025027309954235,High
2021-06-01,2021,6,418.94,416.54,28,0.65,416.4508333333333,416.45,2.025027309954235,High
2021-07-01,2021,7,416.96,416.62,30,0.71,416.4508333333333,416.45,2.025027309954235,High
2021-08-01,2021,8,414.47,416.49,26,0.72,416.4508333333333,416.45,2.025027309954235,High
2021-09-01,2021,9,413.3,416.9,27,0.29,416.4508333333333,416.45,2.025027309954235,High
2021-10-01,2021,10,413.93,417.3,29,0.35,416.4508333333333,416.45,2.025027309954235,High
2021-11-01,2021,11,415.01,417.07,30,0.36,416.4508333333333,416.45,2.025027309954235,High
2021-12-01,2021,12,416.71,417.44,28,0.48,416.4508333333333,416.45,2.025027309954235,High
